Part Number,Contract L/I No.,Nomenclature,Qty,LT,Due date,Delivered to Date,Delay as of Today,NTP signed ,LT start,Today
4052T73G01,1,Bracket,5,238,10-Nov-25,0,319,3/17/2025,3/17/2025,9/25/2026
4082T14G01,2,Bracket,2,238,10-Nov-25,0,319,,,
4046T25G06,3,Cooler Oil,1,238,10-Nov-25,0,319,,,
MS51831CA203L,4,Insert,10,238,10-Nov-25,0,319,,,
MS51830CA201L,5,Insert,15,238,10-Nov-25,0,319,,,
J221P150,6,Packing,40,238,10-Nov-25,0,319,,,
J228P904,7,Packing Preformed,60,238,10-Nov-25,0,319,,,
J228P011,8,Packing Preformed,30,238,10-Nov-25,0,319,,,
J221P906,9,Packing Preformed,90,238,10-Nov-25,0,319,,,
J221P912,10,Packing Preformed,60,238,10-Nov-25,0,319,,,
J221P908,11,Packing Preformed,60,238,10-Nov-25,0,319,,,
J221P030,12,Packing Preformed,30,238,10-Nov-25,0,319,,,
J228P014,13,Packing Preformed,10,238,10-Nov-25,0,319,,,
J221P021,14,"Packing,Preformed",30,238,10-Nov-25,0,319,,,
3036T04P01,15,Seal Plain,12,238,10-Nov-25,28.58,0,,,
4091T12P02,16,"Seal,Face,Gg-Stator",10,238,10-Nov-25,0,319,,,
4041T56G02,17,Sleeve,2,245,17-Nov-25,0,312,,,
4042T56P03,18,Clamp Oil,1,259,1-Dec-25,0,298,,,
J228P041,19,"Packing,Preformed",50,259,1-Dec-25,0,298,,,
4088T13P01,20,Hsg Seal,2,266,8-Dec-25,0,291,,,
3036T30P01,21,Retainer Scavenge,1,266,8-Dec-25,0,291,,,
37B201094P102,22,Isolator,5,273,15-Dec-25,0,284,,,
4076T14P01,23,Nut,40,273,15-Dec-25,0,284,,,
4045T61G01,24,Screen Agb,5,273,15-Dec-25,0,284,,,
5056T75G02,25,Brkt Ecu,1,280,22-Dec-25,0,277,,,
4051T70G01,26,Gasket,4,280,22-Dec-25,0,277,,,
AN960C10L,27,Washer,150,287,29-Dec-25,0,270,,,
AN960C416L,28,Washer,60,287,29-Dec-25,0,270,,,
AB-9718BEP-25D3,29,Valve Relf,2,294,5-Jan-26,0,263,,,
5036T73G06,30,Bracket Aft,2,301,12-Jan-26,0,256,,,
4053T72P03,31,Hose Gearbox To Hmu,2,301,12-Jan-26,0,256,,,
MS9404-05,32,Plug Oil Fra,1,301,12-Jan-26,0,256,,,
4068T53G01,33,Screen,3,301,12-Jan-26,0,256,,,
4052T74G01,34,Bracket,15,308,19-Jan-26,0,249,,,
4053T66G01,35,Bracket,2,308,19-Jan-26,0,249,,,
4052T59G02,36,Bracket Lead Ign,2,308,19-Jan-26,0,249,,,
3032T28P02,37,Ferrule,2,308,19-Jan-26,0,249,,,
4051T00G05,38,Supt Cable,1,308,19-Jan-26,0,249,,,
4052T94G03,39,Bracket,5,315,26-Jan-26,0,242,,,
4052T72G02,40,Bracket,2,315,26-Jan-26,0,242,,,
4052T72G01,41,Bracket,2,315,26-Jan-26,0,242,,,
4052T71G01,42,Bracket,1,315,26-Jan-26,0,242,,,
4068T04G01,43,Bracket,2,315,26-Jan-26,0,242,,,
4068T85G02,44,Bracket Cable,2,315,26-Jan-26,0,242,,,
4091T54G01,45,Bracket E3 Connect,2,315,26-Jan-26,0,242,,,
4045T25G03,46,Bracket Manifold,2,315,26-Jan-26,0,242,,,
5035T73G03,47,Bracket Torque Snsr,4,315,26-Jan-26,0,242,,,
4052T86G02,48,Bracket Tube Ai-Valve,2,315,26-Jan-26,0,242,,,
4051T56G01,49,Bracket Tube Ai-Valve,2,315,26-Jan-26,0,242,,,
37B201071P102,50,Ferrule,153,315,26-Jan-26,0,242,,,
AN737TW30,51,Clamp,7,329,9-Feb-26,0,228,,,
4082T50P02,52,Ftg Axis G,6,329,9-Feb-26,0,228,,,
MS51833A201-12,53,Stud,210,336,16-Feb-26,0,221,,,
MS51833A201-8,54,Stud,29,336,16-Feb-26,0,221,,,
6058T52G01,55,Bracket,2,343,23-Feb-26,0,214,,,
5043T28G01,56,Bracket Lower,2,343,23-Feb-26,0,214,,,
4045T07P01,57,Bracket Upper Clamp,2,343,23-Feb-26,0,214,,,
3036T89P01,58,Nut Shank,10,343,23-Feb-26,0,214,,,
4046T76P01,59,Indicator,1,350,2-Mar-26,0,207,,,
4088T59P01,60,Seal Valve,2,364,16-Mar-26,0,193,,,
4042T36P02,61,Coupling V Band,15,371,23-Mar-26,0,186,,,
4053T04P01,62,Seal Anti Icing,10,371,23-Mar-26,0,186,,,
4041T29P07,63,Stud,1,378,30-Mar-26,0,179,,,
3032T53P01,64,Bolt,5,392,13-Apr-26,0,165,,,
J643P10A,65,Bolt 12 Pt,300,392,13-Apr-26,0,165,,,
J643P12A,66,Bolt 12 Pt,200,392,13-Apr-26,0,165,,,
J643P14A,67,Bolt 12 Pt,6,392,13-Apr-26,0,165,,,
J712P026A,68,Bolt Hex,10,392,13-Apr-26,0,165,,,
J643P06A,69,Bolt Machine,139,392,13-Apr-26,0,165,,,
J643P20A,70,Bolt Machine,25,392,13-Apr-26,0,165,,,
3031T90P01,71,Pin,2,392,13-Apr-26,0,165,,,
4052T54P02,72,Lead Ignit,8,399,20-Apr-26,0,158,,,
R1473P005,73,Screw,30,399,20-Apr-26,0,158,,,
R1471P003,74,Screw Oil,10,399,20-Apr-26,0,158,,,
3032T44P02,75,Bolt Machine,30,406,27-Apr-26,0,151,,,
5035T76P11,76,Filtr Fuel,1,406,27-Apr-26,0,151,,,
R1473P006,77,Screw,45,406,27-Apr-26,0,151,,,
4052T93P01,78,Valve Chk,6,406,27-Apr-26,0,151,,,
4068T00G01,79,Bracket Tube,2,413,4-May-26,0,144,,,
5043T13G03,80,Bracket Valve Ai-Valve,5,413,4-May-26,0,144,,,
4082T51G01,81,Brkt Csump,2,413,4-May-26,0,144,,,
6058T12G01,82,Brkt Ignit,1,413,4-May-26,0,144,,,
J221P904,83,Packing Preformed,60,413,4-May-26,0,144,,,
4041T18P02,84,"Ring,Seal,Axis-E",15,413,4-May-26,0,144,,,
4046T89G03,85,Supt Cable,10,413,4-May-26,0,144,,,
5051T21G03,86,Supt Clip Swrl Fra,10,413,4-May-26,0,144,,,
MS51830CA204L,87,Insert,10,420,11-May-26,0,137,,,
6064T39P02,88,Cap&Adaptr,5,427,18-May-26,0,130,,,
4052T54P01,89,Lead Ignit,4,427,18-May-26,0,130,,,
4042T93P01,90,Nut,30,427,18-May-26,0,130,,,
4068T87P04,91,"Seal,Face",5,427,18-May-26,0,130,,,
4053T36G02,92,Supt Cable,2,427,18-May-26,0,130,,,
4069T02G01,93,Hose P3,15,441,1-Jun-26,0,116,,,
4040T61G04,94,Bearing & Bracket Front,2,448,8-Jun-26,0,109,,,
416-1275,95,Cable Assy,1,448,8-Jun-26,0,109,,,
4040T63P02,96,Bearing Front,15,455,15-Jun-26,0,102,,,
3036T34P01,97,Bolt 12 Pt,60,455,15-Jun-26,0,102,,,
5034T68P01,98,"Seal,Axis-E,Agb",2,455,15-Jun-26,0,102,,,
4052T82G01,99,Tube Oil Rh,2,462,22-Jun-26,0,95,,,
3036T31P01,100,Retainer,1,469,29-Jun-26,0,88,,,
J712P019A,101,Bolt Hex,10,476,6-Jul-26,0,81,,,
5034T70P01,102,Seal Axis B,20,476,6-Jul-26,0,81,,,
3033T72G01,103,Shaft Driv,1,476,6-Jul-26,0,81,,,
5036T25G01,104,Shield,1,476,6-Jul-26,0,81,,,
J643P04A,105,Bolt 12 Pt,31,483,13-Jul-26,0,74,,,
J643P11A,106,Bolt-Tmf Dbl Hex Hd,154,483,13-Jul-26,0,74,,,
6043T28P05,107,Stator Alt,2,483,13-Jul-26,0,74,,,
J643P08A,108,Bolt 12 Pt,10,497,27-Jul-26,0,60,,,
3036T53G08,109,Cable Green,2,497,27-Jul-26,0,60,,,
4046T26G05,110,History-Recorder,1,497,27-Jul-26,0,60,,,
4046T52G42,111,HMU,2,497,27-Jul-26,0,60,,,
5057T01G01,112,Nozzl Axis A,1,497,27-Jul-26,0,60,,,
3046T17G02,113,"Valve,Odv-Assy",2,497,27-Jul-26,0,60,,,
4068T18P02,114,Rotor Altr,5,511,10-Aug-26,0,46,,,
J221P140,115,Seal O Ring,30,511,10-Aug-26,0,46,,,
5066T38G09,116,Ai Valve,6,518,17-Aug-26,0,39,,,
5034T11P05,117,Pump Lube,2,525,24-Aug-26,0,32,,,
4041T33G01,118,Valve Bpas,3,525,24-Aug-26,0,32,,,
4040T79G01,119,Valve Rlf,2,525,24-Aug-26,0,32,,,
3036T35P01,120,Bolt 12 Pt,5,532,31-Aug-26,0,25,,,
4068T45G02,121,Exciter,4,532,31-Aug-26,0,25,,,
R1181P002,122,Nut Slflkg,100,539,7-Sep-26,0,18,,,
5044T67P07,123,Igniter Plug,50,546,14-Sep-26,0,11,,,
4041T29P05,124,Stud,5,546,14-Sep-26,0,11,,,
4082T89G01,125,Tube Axisg,5,553,21-Sep-26,0,4,,,
4046T32P04,126,Nut Lock,60,581,19-Oct-26,0,-24,,,
5044T95G01,127,Tube Ai-Valve,2,581,19-Oct-26,0,-24,,,
5044T55G01,128,Tube Csump,2,581,19-Oct-26,0,-24,,,
5060T37G01,129,Tube Drain,1,581,19-Oct-26,0,-24,,,
6071T26G02,130,"Module,Pt",1,588,26-Oct-26,0,-31,,,
5035T94G01,131,Tube Csump,2,602,9-Nov-26,0,-45,,,
6033T79G03,132,Tube Csump,2,616,23-Nov-26,0,-59,,,
4040T60G08,133,Bearing & Bracket Aft,1,637,14-Dec-26,0,-80,,,
4053T35G01,134,Tube Bsump,2,644,21-Dec-26,0,-87,,,
4052T83G01,135,Tube Oil Lh,2,644,21-Dec-26,0,-87,,,
4046T39P01,136,"Seal,Ring",5,651,28-Dec-26,0,-94,,,
6039T48G06,137,Tube,1,651,28-Dec-26,0,-94,,,
5051T46G01,138,Tube Bsump Delta P,2,651,28-Dec-26,0,-94,,,
6071T53G02,139,Duct Inlet,1,672,18-Jan-27,0,-115,,,
MS51830CA202,140,Bushing,5,686,1-Feb-27,0,-129,,,
6034T62P18,141,Blower,1,693,8-Feb-27,0,-136,,,
AA-9718BEP-251D2A,142,Bowl Filtr,15,693,8-Feb-27,0,-136,,,
6044T83P07,143,Cable Blue,1,693,8-Feb-27,0,-136,,,
4155T12P09,144,Edecu,2,693,8-Feb-27,0,-136,,,
6058T28P01,145,Harness Tc,2,693,8-Feb-27,0,-136,,,
6033T78G02,146,Tube Csump,1,714,1-Mar-27,0,-157,,,
5051T11G02,147,Lug,1,728,15-Mar-27,0,-171,,,
5044T94G01,148,Tube Ai-Valve,1,728,15-Mar-27,0,-171,,,
5051T01G01,149,Tube Seal,1,735,22-Mar-27,0,-178,,,
5044T97G01,150,Tube Seal,2,742,29-Mar-27,0,-185,,,
6039T25G01,151,Shaft Actu,1,756,12-Apr-27,0,-199,,,
3048T90G01,152,"Rotor&Stator,Gg",1,791,17-May-27,0,-234,,,
6071T27G01,153,"Module,Ac",1,847,12-Jul-27,0,-290,,,
6053T10G01,154,Cover Csmp,1,889,23-Aug-27,0,-332,,,
