PART NUMBER,Nomenclauture,Qty,PAF Lead Time (Weeks),Unit Price,Extended Price
3048T90G01,"ROTOR&STATOR,GG",1,113,"$ 898,762.41","$ 898,762.41"
6071T26G02,"MODULE,PT",1,84,"$ 886,664.52","$ 886,664.52"
6071T27G01,"MODULE,AC",1,121,"$ 452,503.36","$ 452,503.36"
4046T52G42,HMU,2,71,"$ 406,471.20","$ 812,942.41"
4155T12P09,EDECU,2,99,"$ 226,021.46","$ 452,042.93"
6034T62P18,BLOWER,1,99,"$ 87,944.13","$ 87,944.13"
5066T38G09,AI VALVE,6,74,"$ 87,755.14","$ 526,530.83"
6058T28P01,HARNESS TC,2,99,"$ 68,108.21","$ 136,216.42"
4068T45G02,EXCITER,4,76,"$ 65,195.78","$ 260,783.12"
5034T11P05,PUMP LUBE,2,75,"$ 61,953.96","$ 123,907.92"
4046T25G06,COOLER OIL,1,34,"$ 55,645.02","$ 55,645.02"
3036T53G08,CABLE GREEN,2,71,"$ 51,001.76","$ 102,003.52"
6043T28P05,STATOR ALT,2,69,"$ 48,427.38","$ 96,854.75"
5035T76P11,FILTR FUEL,1,58,"$ 35,504.28","$ 35,504.28"
4046T26G05,HISTORY-RECORDER,1,71,"$ 35,290.24","$ 35,290.24"
6044T83P07,CABLE BLUE,1,99,"$ 31,577.30","$ 31,577.30"
3046T17G02,"VALVE,ODV-ASSY",2,71,"$ 30,201.01","$ 60,402.02"
6039T25G01,SHAFT ACTU,1,108,"$ 22,538.65","$ 22,538.65"
5036T25G01,SHIELD,1,68,"$ 22,521.29","$ 22,521.29"
6071T53G02,DUCT INLET,1,96,"$ 22,105.91","$ 22,105.91"
3033T72G01,SHAFT DRIV,1,68,"$ 21,202.40","$ 21,202.40"
4068T18P02,ROTOR ALTR,5,73,"$ 19,352.22","$ 96,761.12"
4040T79G01,VALVE RLF,2,75,"$ 15,929.91","$ 31,859.83"
6053T10G01,COVER CSMP,1,127,"$ 12,544.66","$ 12,544.66"
6039T48G06,TUBE,1,93,"$ 11,061.87","$ 11,061.87"
5034T70P01,SEAL AXIS B,20,68,"$ 10,302.08","$ 206,041.62"
5051T01G01,TUBE SEAL,1,105,"$ 9,526.47","$ 9,526.47"
4041T33G01,VALVE BPAS,3,75,"$ 9,198.50","$ 27,595.49"
4046T76P01,INDICATOR,1,50,"$ 8,083.20","$ 8,083.20"
4040T60G08,BEARING & BRACKET AF,1,91,"$ 7,830.26","$ 7,830.26"
5035T94G01,TUBE CSUMP,2,86,"$ 6,709.17","$ 13,418.35"
6033T78G02,TUBE CSUMP,1,102,"$ 6,682.38","$ 6,682.38"
AA-9718BEP-251D2A,BOWL FILTR,15,99,"$ 6,639.17","$ 99,587.53"
AB-9718BEP-25D3,VALVE RELF,2,42,"$ 6,420.10","$ 12,840.20"
6064T39P02,CAP&ADAPTR,5,61,"$ 5,913.08","$ 29,565.42"
4041T18P02,"RING,SEAL,AXIS-E",15,59,"$ 5,888.72","$ 88,330.75"
4052T54P02,LEAD IGNIT,8,57,"$ 5,761.95","$ 46,095.57"
4052T54P01,LEAD IGNIT,4,61,"$ 5,283.12","$ 21,132.47"
4040T61G04,BEARING & BRACKET FR,2,64,"$ 5,088.82","$ 10,177.63"
5044T94G01,TUBE AI-VALVE,1,104,"$ 4,869.21","$ 4,869.21"
5034T68P01,"SEAL,AXIS-E,AGB",2,65,"$ 4,844.68","$ 9,689.36"
5051T46G01,TUBE BSUMP DELTA P,2,93,"$ 4,781.53","$ 9,563.06"
5044T67P07,IGNITER PLUG,50,78,"$ 4,428.22","$ 221,411.19"
5044T95G01,TUBE AI-VALVE,2,83,"$ 4,341.17","$ 8,682.34"
5044T97G01,TUBE SEAL,2,106,"$ 4,190.66","$ 8,381.32"
4042T56P03,CLAMP OIL,1,37,"$ 4,172.27","$ 4,172.27"
4068T87P04,"SEAL,FACE",5,61,"$ 4,051.90","$ 20,259.50"
5057T01G01,NOZZL AXIS A,1,71,"$ 3,860.32","$ 3,860.32"
5056T75G02,BRKT ECU,1,40,"$ 3,723.54","$ 3,723.54"
5051T11G02,LUG,1,104,"$ 3,602.39","$ 3,602.39"
6058T12G01,BRKT IGNIT,1,59,"$ 3,497.80","$ 3,497.80"
4053T72P03,HOSE GEARBOX TO HM,2,43,"$ 3,336.00","$ 6,672.01"
4052T93P01,VALVE CHK,6,58,"$ 3,173.91","$ 19,043.47"
5036T73G06,BRACKET AFT,2,43,"$ 2,805.69","$ 5,611.38"
4069T02G01,HOSE P3,15,63,"$ 2,708.17","$ 40,622.52"
6033T79G03,TUBE CSUMP,2,88,"$ 2,684.51","$ 5,369.01"
4053T35G01,TUBE BSUMP,2,92,"$ 2,516.51","$ 5,033.01"
4046T39P01,"SEAL,RING",5,93,"$ 2,390.62","$ 11,953.09"
5043T13G03,BRACKET VALVE AI-VALV,5,59,"$ 2,269.30","$ 11,346.51"
5060T37G01,TUBE DRAIN,1,83,"$ 2,194.37","$ 2,194.37"
4091T12P02,"SEAL,FACE,GG-STATOR",10,34,"$ 2,067.64","$ 20,676.42"
4052T83G01,TUBE OIL LH,2,92,"$ 1,985.39","$ 3,970.77"
5044T55G01,TUBE CSUMP,2,83,"$ 1,980.97","$ 3,961.94"
4040T63P02,BEARING FRONT,15,65,"$ 1,936.49","$ 29,047.30"
4042T36P02,COUPLING V BAND,15,53,"$ 1,849.03","$ 27,735.39"
4052T82G01,TUBE OIL RH,2,66,"$ 1,809.49","$ 3,618.98"
4068T53G01,SCREEN,3,43,"$ 1,785.45","$ 5,356.36"
4051T70G01,GASKET,4,40,"$ 1,467.15","$ 5,868.60"
5035T73G03,BRACKET TORQUE SNSR,4,45,"$ 1,414.61","$ 5,658.46"
416-1275,CABLE ASSY,1,64,$ 944.38,$ 944.38
4052T94G03,BRACKET,5,45,$ 847.16,"$ 4,235.78"
4045T61G01,SCREEN AGB,5,39,$ 829.65,"$ 4,148.25"
4052T74G01,BRACKET,15,44,$ 828.41,"$ 12,426.18"
6058T52G01,BRACKET,2,49,$ 790.22,"$ 1,580.44"
4088T59P01,SEAL VALVE,2,52,$ 764.85,"$ 1,529.71"
4052T71G01,BRACKET,1,45,$ 652.48,$ 652.48
3036T89P01,NUT SHANK,10,49,$ 642.66,"$ 6,426.58"
4053T04P01,SEAL ANTI ICING,10,53,$ 598.41,"$ 5,984.12"
4082T89G01,TUBE AXISG,5,79,$ 596.96,"$ 2,984.82"
4041T56G02,SLEEVE,2,35,$ 578.50,"$ 1,157.00"
4052T86G02,BRACKET TUBE AI-VALV,2,45,$ 570.92,"$ 1,141.83"
5051T21G03,SUPT CLIP SWRL FRA,10,59,$ 557.86,"$ 5,578.63"
4051T56G01,BRACKET TUBE AI-VALV,2,45,$ 517.88,"$ 1,035.76"
4051T00G05,SUPT CABLE,1,44,$ 506.34,$ 506.34
37B201094P102,ISOLATOR,5,39,$ 503.21,"$ 2,516.07"
4041T29P07,STUD,1,54,$ 488.36,$ 488.36
4082T50P02,FTG AXIS G,6,47,$ 469.29,"$ 2,815.71"
4088T13P01,HSG SEAL,2,38,$ 467.38,$ 934.75
4068T85G02,BRACKET CABLE,2,45,$ 457.95,$ 915.91
4082T14G01,BRACKET,2,34,$ 454.34,$ 908.68
4041T29P05,STUD,5,78,$ 441.67,"$ 2,208.35"
4091T54G01,BRACKET E3 CONNECT,2,45,$ 420.81,$ 841.62
5043T28G01,BRACKET LOWER,2,49,$ 389.91,$ 779.82
4046T89G03,SUPT CABLE,10,59,$ 386.78,"$ 3,867.78"
4052T72G02,BRACKET,2,45,$ 355.21,$ 710.41
4052T72G01,BRACKET,2,45,$ 353.30,$ 706.59
4053T36G02,SUPT CABLE,2,61,$ 330.24,$ 660.47
4068T00G01,BRACKET TUBE,2,59,$ 312.08,$ 624.15
4053T66G01,BRACKET,2,44,$ 307.42,$ 614.83
4045T25G03,BRACKET MANIFOLD,2,45,$ 297.13,$ 594.27
4052T73G01,BRACKET,5,34,$ 249.26,"$ 1,246.30"
4045T07P01,BRACKET UPPER CLAMP,2,49,$ 233.53,$ 467.05
MS51830CA204L,INSERT,10,60,$ 200.27,"$ 2,002.67"
4068T04G01,BRACKET,2,45,$ 192.44,$ 384.89
4082T51G01,BRKT CSUMP,2,59,$ 192.05,$ 384.10
MS51831CA203L,INSERT,10,34,$ 177.45,"$ 1,774.48"
3036T31P01,RETAINER,1,67,$ 176.52,$ 176.52
MS51830CA202,BUSHING,5,98,$ 150.76,$ 753.82
4052T59G02,BRACKET LEAD IGN,2,44,$ 132.65,$ 265.30
MS51833A201-12,STUD,210,48,$ 130.45,"$ 27,394.65"
3032T44P02,BOLT MACHINE,30,58,$ 124.14,"$ 3,724.19"
4076T14P01,NUT,40,39,$ 120.30,"$ 4,812.20"
3036T30P01,RETAINER SCAVENGE,1,38,$ 112.50,$ 112.50
3031T90P01,PIN,2,56,$ 111.66,$ 223.31
MS51830CA201L,INSERT,15,34,$ 105.62,"$ 1,584.29"
MS9404-05,PLUG OIL FRA,1,43,$ 86.46,$ 86.46
3036T34P01,BOLT 12 PT,60,65,$ 83.38,"$ 5,003.08"
J228P041,"PACKING,PREFORMED",50,37,$ 77.98,"$ 3,899.25"
3032T28P02,FERRULE,2,44,$ 68.49,$ 136.99
MS51833A201-8,STUD,29,48,$ 63.02,"$ 1,827.70"
3032T53P01,BOLT,5,56,$ 58.05,$ 290.27
3036T35P01,BOLT 12 PT,5,76,$ 54.51,$ 272.56
4046T32P04,NUT LOCK,60,83,$ 53.84,"$ 3,230.36"
J712P026A,BOLT HEX,10,56,$ 50.92,$ 509.18
J643P14A,BOLT 12 PT,6,56,$ 49.68,$ 298.08
4042T93P01,NUT,30,61,$ 46.03,"$ 1,381.03"
AN737TW30,CLAMP,7,47,$ 40.33,$ 282.28
J228P011,PACKING PREFORMED,30,34,$ 38.04,"$ 1,141.14"
R1181P002,NUT SLFLKG,100,77,$ 31.78,"$ 3,177.87"
J228P904,PACKING PREFORMED,60,34,$ 30.66,"$ 1,839.65"
J221P150,PACKING,40,34,$ 30.57,"$ 1,223.00"
J643P20A,BOLT MACHINE,25,56,$ 28.82,$ 720.52
3036T04P01,SEAL PLAIN,12,34,$ 28.58,$ 342.96
J712P019A,BOLT HEX,10,68,$ 26.96,$ 269.64
R1473P006,SCREW,45,58,$ 24.30,"$ 1,093.42"
J228P014,PACKING PREFORMED,10,34,$ 22.80,$ 228.02
J643P06A,BOLT MACHINE,139,56,$ 22.27,"$ 3,095.41"
J643P12A,BOLT 12 PT,200,56,$ 22.17,"$ 4,433.19"
J643P04A,BOLT 12 PT,31,69,$ 22.11,$ 685.55
R1473P005,SCREW,30,57,$ 19.71,$ 591.21
J221P140,SEAL O RING,30,73,$ 19.26,$ 577.79
J643P10A,BOLT 12 PT,300,56,$ 18.86,"$ 5,659.28"
J643P08A,BOLT 12 PT,10,71,$ 18.83,$ 188.30
R1471P003,SCREW OIL,10,57,$ 18.62,$ 186.24
37B201071P102,FERRULE,153,45,$ 15.46,"$ 2,365.29"
J221P030,PACKING PREFORMED,30,34,$ 13.50,$ 404.97
J221P904,PACKING PREFORMED,60,59,$ 12.47,$ 748.04
J221P912,PACKING PREFORMED,60,34,$ 12.28,$ 736.69
J221P906,PACKING PREFORMED,90,34,$ 8.77,$ 789.31
J643P11A,BOLT-TMF DBL HEX HD,154,69,$ 7.51,"$ 1,157.27"
J221P908,PACKING PREFORMED,60,34,$ 7.38,$ 442.63
J221P021,"PACKING,PREFORMED",30,34,$ 4.39,$ 131.55
AN960C416L,WASHER,60,41,$ 0.72,$ 43.33
AN960C10L,WASHER,150,41,$ 0.33,$ 49.01
