AWB,Carrier,MSN,Invoice,Item_Num,Contract_Num,PN,Exp_tag,NOMENCLATURE,Delivered_Qty,Contract_Qty,Qty_Match ,SN,Unit_Price,Prop_Unit_Price,Unit_Price_Match,Total_Amount,Accepted,Delivered_Date,Due_Date,Delivery_Days,Delay,LD,LD_Bool,Total_LD,DAP_Price,Pickup_Date,Arrival_Date,Delta_Pickup_Arrival,Customs_Release_Date,Delta_Arrival_Customs,Delta_Arrival_Acceptance,Payment
8FP4271,PR0103,692100,30312887,133,15,3036T04P01,9A991.d,"SEAL, PLAIN",4,12,NO,, $28.58 , $28.58 , YES , $114.32 ,YES,3/4/2026,11/10/2025,238,114, $13.03 , YES , $13.03 , $710.00 ,2/10/2026,2/28/2026,18,,,-4,YES
5GH2172,NH0819,697288,30316490,101,1,4052T73G01,9A991.d,"BRACKET,TC HARN",5,5,YES,, $249.26 , $249.26 , YES ," $1,246.30 ",YES,4/10/2026,11/10/2025,238,151, $188.19 , YES , $188.19 , $35.91 ,3/12/2026,4/6/2026,25,,,-4,YES
5GH2172,NH0819,697288,30316490,90,2,4082T14G01,9A991.d,BRACKET ASSY,2,2,YES,, $454.34 , $454.34 , YES , $908.68 ,YES,4/10/2026,11/10/2025,238,151, $137.21 , YES , $137.21 , $35.91 ,3/12/2026,4/6/2026,25,,,-4,YES
5GH2172,NH0819,697288,30316490,106,4,MS51831CA203L,EAR99,INSERT,10,10,YES,, $177.45 , $177.45 , YES ," $1,774.50 ",YES,4/10/2026,11/10/2025,238,151, $267.95 , YES , $267.95 , $35.91 ,3/12/2026,4/6/2026,25,,,-4,YES
5GH2172,NH0819,697288,30316490,130,7,J228P904,EAR99,O-RING,60,60,YES,, $30.66 , $30.66 , YES ," $1,839.60 ",YES,4/10/2026,11/10/2025,238,151, $277.78 , YES , $277.78 , $35.91 ,3/12/2026,4/6/2026,25,,,-4,YES
5GH2172,NH0819,697288,30316490,128,8,J228P011,EAR99,O-RING,30,30,YES,, $38.04 , $38.04 , YES ," $1,141.20 ",YES,4/10/2026,11/10/2025,238,151, $172.32 , YES , $172.32 , $35.91 ,3/12/2026,4/6/2026,25,,,-4,YES
5GH2172,NH0819,697288,30316490,149,9,J221P906,EAR99,"PACKING,PREFORM",90,90,YES,, $8.77 , $8.77 , YES , $789.30 ,YES,4/10/2026,11/10/2025,238,151, $119.18 , YES , $119.18 , $35.91 ,3/12/2026,4/6/2026,25,,,-4,YES
5GH2172,NH0819,697288,30316490,148,10,J221P912,EAR99,"PACKING,PREFORM",60,60,YES,, $12.28 , $12.28 , YES , $736.80 ,YES,4/10/2026,11/10/2025,238,151, $111.26 , YES , $111.26 , $35.91 ,3/12/2026,4/6/2026,25,,,-4,YES
5GH2172,NH0819,697288,30316490,146,12,J221P030,EAR99,"PACKING,PREFORM",30,30,YES,, $13.50 , $13.50 , YES , $405.00 ,YES,4/10/2026,11/10/2025,238,151, $61.16 , YES , $61.16 , $35.91 ,3/12/2026,4/6/2026,25,,,-4,YES
5GH2172,NH0819,697288,30316490,136,13,J228P014,9A991.d,O-RING,10,10,YES,, $22.80 , $22.80 , YES , $228.00 ,YES,4/10/2026,11/10/2025,238,151, $34.43 , YES , $34.43 , $35.91 ,3/12/2026,4/6/2026,25,,,-4,YES
5GH2172,NH0819,697288,30316490,152,14,J221P021,EAR99,"PACKING,PREFORM",30,30,YES,, $4.39 , $4.39 , YES , $131.70 ,YES,4/10/2026,11/10/2025,238,151, $19.89 , YES , $19.89 , $35.91 ,3/12/2026,4/6/2026,25,,,-4,YES
5GH2172,NH0819,697288,30316490,133,15,3036T04P01,9A991.d,"SEAL,PLAIN",8,12,NO,, $28.58 , $28.58 , YES , $228.64 ,YES,4/10/2026,11/10/2025,238,151, $34.52 , YES , $34.52 , $35.91 ,3/12/2026,4/6/2026,25,,,-4,YES
5GH2172,NH0819,697288,30316490,61,16,4091T12P02,9A991.d,"SEAL,FACE TYPE",10,10,YES,," $2,067.64 "," $2,067.64 ", YES ," $20,676.40 ",YES,4/10/2026,11/10/2025,238,151," $3,122.14 ", YES ," $3,122.14 ", $35.91 ,3/12/2026,4/6/2026,25,,,-4,YES
5GH2172,NH0819,697288,30316490,80,17,4041T56G02,9A991.d,"SLEEVE,TRAN OIL",2,2,YES,, $578.50 , $578.50 , YES ," $1,157.00 ",YES,4/10/2026,11/17/2025,245,144, $166.61 , YES , $166.61 , $35.91 ,3/12/2026,4/6/2026,25,,,-4,YES
5GH2172,NH0819,697288,30316490,88,20,4088T13P01,9A991.d,"HOUSING,SEAL",2,2,YES,, $467.38 , $467.38 , YES , $934.76 ,YES,4/10/2026,12/8/2025,266,123, $114.98 , YES , $114.98 , $35.91 ,3/12/2026,4/6/2026,25,,,-4,YES
5GH2172,NH0819,697288,30316490,113,21,3036T30P01,9A991.d,"RETAINER,SCAVEN GE",1,1,YES,, $112.50 , $112.50 , YES , $112.50 ,YES,4/10/2026,12/8/2025,266,123, $13.84 , YES , $13.84 , $35.91 ,3/12/2026,4/6/2026,25,,,-4,YES
5GH2172,NH0819,697288,30316490,85,22,37B201094P102,EAR99,ISOLATOR-VG B(R6 01B),5,5,YES,, $503.21 , $503.21 , YES ," $2,516.05 ",YES,4/10/2026,12/15/2025,273,116, $291.86 , YES , $291.86 , $35.91 ,3/12/2026,4/6/2026,25,,,-4,YES
5GH2172,NH0819,697288,30316490,49,25,5056T75G02,9A991.d,"BRACKET, ELEC",1,1,YES,," $3,723.54 "," $3,723.54 ", YES ," $3,723.54 ",YES,4/10/2026,12/22/2025,280,109, $405.87 , YES , $405.87 , $35.91 ,3/12/2026,4/6/2026,25,,,-4,YES
5GH2172,NH0819,697288,30316490,68,26,4051T70G01,9A991.d,"GASKET,ADAPTOR",4,4,YES,," $1,467.15 "," $1,467.15 ", YES ," $5,868.60 ",YES,4/10/2026,12/22/2025,280,109, $639.68 , YES , $639.68 , $35.91 ,3/12/2026,4/6/2026,25,,,-4,YES
5GH2172,NH0819,697288,30316490,154,27,AN960C10L,EAR99,"WASHER,FLAT",150,150,YES,, $0.33 , $0.33 , YES , $49.50 ,YES,4/10/2026,12/29/2025,287,102, $5.05 , YES , $5.05 , $35.91 ,3/12/2026,4/6/2026,25,,,-4,YES
5GH2172,NH0819,697288,30316490,153,28,AN960C416L,EAR99,"WASHER,FLAT",60,60,YES,, $0.72 , $0.72 , YES , $43.20 ,YES,4/10/2026,12/29/2025,287,102, $4.41 , YES , $4.41 , $35.91 ,3/12/2026,4/6/2026,25,,,-4,YES
5GH2172,NH0819,697288,30316490,52,31,4053T72P03,9A619.Y.2,HOSE ASSY,2,2,YES,," $3,336.00 "," $3,336.00 ", YES ," $6,672.00 ",YES,4/10/2026,1/12/2026,301,88, $587.14 , YES , $587.14 , $35.91 ,3/12/2026,4/6/2026,25,,,-4,YES
5GH2172,NH0819,697288,30316490,116,32,MS9404-05,EAR99,"PLUG,MACHINE",1,1,YES,, $86.46 , $86.46 , YES , $86.46 ,YES,4/10/2026,1/12/2026,301,88, $7.61 , YES , $7.61 , $35.91 ,3/12/2026,4/6/2026,25,,,-4,YES
5GH2172,NH0819,697288,30316490,67,33,4068T53G01,9A991.d,"SCREEN,SCAVENGE",3,3,YES,," $1,785.45 "," $1,785.45 ", YES ," $5,356.35 ",YES,4/10/2026,1/12/2026,301,88, $471.36 , YES , $471.36 , $35.91 ,3/12/2026,4/6/2026,25,,,-4,YES
5GH2172,NH0819,697288,30316490,73,34,4052T74G01,9A991.d,"BRACKET,TC HARN",15,15,YES,, $828.41 , $828.41 , YES ," $12,426.15 ",YES,4/10/2026,1/19/2026,308,81," $1,006.52 ", YES ," $1,006.52 ", $35.91 ,3/12/2026,4/6/2026,25,,,-4,YES
5GH2172,NH0819,697288,30316490,99,35,4053T66G01,9A991.d,BRKT+NUT,2,2,YES,, $307.42 , $307.42 , YES , $614.84 ,YES,4/10/2026,1/19/2026,308,81, $49.80 , YES , $49.80 , $35.91 ,3/12/2026,4/6/2026,25,,,-4,YES
5GH2172,NH0819,697288,30316490,109,36,4052T59G02,9A991.d,"BRKT,IGN",2,2,YES,, $132.65 , $132.65 , YES , $265.30 ,YES,4/10/2026,1/19/2026,308,81, $21.49 , YES , $21.49 , $35.91 ,3/12/2026,4/6/2026,25,,,-4,YES
5GH2172,NH0819,697288,30316490,119,37,3032T28P02,EAR99,FERRULE,2,2,YES,, $68.49 , $68.49 , YES , $136.98 ,YES,4/10/2026,1/19/2026,308,81, $11.10 , YES , $11.10 , $35.91 ,3/12/2026,4/6/2026,25,,,-4,YES
5GH2172,NH0819,697288,30316490,84,38,4051T00G05,9A991.d,"SUPPORT, CLIP",1,1,YES,, $506.34 , $506.34 , YES , $506.34 ,YES,4/10/2026,1/19/2026,308,81, $41.01 , YES , $41.01 , $35.91 ,3/12/2026,4/6/2026,25,,,-4,YES
5GH2172,NH0819,697288,30316490,95,40,4052T72G02,9A991.d,"BRACKET,TC HARN",2,2,YES,, $355.21 , $355.21 , YES , $710.42 ,YES,4/10/2026,1/26/2026,315,74, $52.57 , YES , $52.57 , $35.91 ,3/12/2026,4/6/2026,25,,,-4,YES
5GH2172,NH0819,697288,30316490,96,41,4052T72G01,9A991.d,"BRACKET,TC HARN",2,2,YES,, $353.30 , $353.30 , YES , $706.60 ,YES,4/10/2026,1/26/2026,315,74, $52.29 , YES , $52.29 , $35.91 ,3/12/2026,4/6/2026,25,,,-4,YES
5GH2172,NH0819,697288,30316490,76,42,4052T71G01,9A991.d,"BRACKET,TC HARN",1,1,YES,, $652.48 , $652.48 , YES , $652.48 ,YES,4/10/2026,1/26/2026,315,74, $48.28 , YES , $48.28 , $35.91 ,3/12/2026,4/6/2026,25,,,-4,YES
5GH2172,NH0819,697288,30316490,104,43,4068T04G01,9A991.d,"BRACKET,C-SCAV",2,2,YES,, $192.44 , $192.44 , YES , $384.88 ,YES,4/10/2026,1/26/2026,315,74, $28.48 , YES , $28.48 , $35.91 ,3/12/2026,4/6/2026,25,,,-4,YES
5GH2172,NH0819,697288,30316490,89,44,4068T85G02,9A991.d,"BRKT,ELEC CABLE",2,2,YES,, $457.95 , $457.95 , YES , $915.90 ,YES,4/10/2026,1/26/2026,315,74, $67.78 , YES , $67.78 , $35.91 ,3/12/2026,4/6/2026,25,,,-4,YES
5GH2172,NH0819,697288,30316490,100,46,4045T25G03,9A991.d,BRKT&NUT,2,2,YES,, $297.13 , $297.13 , YES , $594.26 ,YES,4/10/2026,1/26/2026,315,74, $43.98 , YES , $43.98 , $35.91 ,3/12/2026,4/6/2026,25,,,-4,YES
5GH2172,NH0819,697288,30316490,69,47,5035T73G03,9A991.d,"BRACKET,SNSR",4,4,YES,," $1,414.61 "," $1,414.61 ", YES ," $5,658.44 ",YES,4/10/2026,1/26/2026,315,74, $418.72 , YES , $418.72 , $35.91 ,3/12/2026,4/6/2026,25,,,-4,YES
5GH2172,NH0819,697288,30316490,81,48,4052T86G02,9A991.d,"BRACKET,ADAPTER",2,2,YES,, $570.92 , $570.92 , YES ," $1,141.84 ",YES,4/10/2026,1/26/2026,315,74, $84.50 , YES , $84.50 , $35.91 ,3/12/2026,4/6/2026,25,,,-4,YES
5GH2172,NH0819,697288,30316490,83,49,4051T56G01,9A991.d,"BKT ASSY,A-I",2,2,YES,, $517.88 , $517.88 , YES ," $1,035.76 ",YES,4/10/2026,1/26/2026,315,74, $76.65 , YES , $76.65 , $35.91 ,3/12/2026,4/6/2026,25,,,-4,YES
5GH2172,NH0819,697288,30316490,145,50,37B201071P102,EAR99,FERRULE,153,153,YES,, $15.46 , $15.46 , YES ," $2,365.38 ",YES,4/10/2026,1/26/2026,315,74, $175.04 , YES , $175.04 , $35.91 ,3/12/2026,4/6/2026,25,,,-4,YES
5GH2172,NH0819,697288,30316490,127,51,AN737TW30,EAR99,CLAMP,7,7,YES,, $40.33 , $40.33 , YES , $282.31 ,YES,4/10/2026,2/9/2026,329,60, $16.94 , YES , $16.94 , $35.91 ,3/12/2026,4/6/2026,25,,,-4,YES
5GH2172,NH0819,697288,30316490,87,52,4082T50P02,9A991.d,AXIS G DR FTG,6,6,YES,, $469.29 , $469.29 , YES ," $2,815.74 ",YES,4/10/2026,2/9/2026,329,60, $168.94 , YES , $168.94 , $35.91 ,3/12/2026,4/6/2026,25,,,-4,YES
5GH2172,NH0819,697288,30316490,110,53,MS51833A201-12,EAR99,"STUD,KEY LKD",210,210,YES,, $130.45 , $130.45 , YES ," $27,394.50 ",YES,4/10/2026,2/16/2026,336,53," $1,451.91 ", YES ," $1,451.91 ", $35.91 ,3/12/2026,4/6/2026,25,,,-4,YES
5GH2172,NH0819,697288,30316490,93,56,5043T28G01,9A991.d,"BKT,CLAMP-LOWER",2,2,YES,, $389.91 , $389.91 , YES , $779.82 ,YES,4/10/2026,2/23/2026,343,46, $35.87 , YES , $35.87 , $35.91 ,3/12/2026,4/6/2026,25,,,-4,YES
5GH2172,NH0819,697288,30316490,102,57,4045T07P01,9A991.d,"BRACKET,UPPER",2,2,YES,, $233.53 , $233.53 , YES , $467.06 ,YES,4/10/2026,2/23/2026,343,46, $21.48 , YES , $21.48 , $35.91 ,3/12/2026,4/6/2026,25,,,-4,YES
5GH2172,NH0819,697288,30316490,75,60,4088T59P01,9A991.d,SEAL VALVE AL,2,2,YES,, $764.85 , $764.85 , YES ," $1,529.70 ",YES,4/10/2026,3/16/2026,364,25, $38.24 , YES , $38.24 , $35.91 ,3/12/2026,4/6/2026,25,,,-4,YES
5GH2191,PR0103,699362,30317575,142,65,J643P10A,EAR 99,"BOLT, MACHINE",300,300,YES,, $18.86 , $18.86 , YES ," $5,658.00 ",YES,5/4/2026,4/13/2026,392,21, $118.82 , YES , $118.82 , $137.24 ,3/24/2026,4/23/2026,30,,,-11,YES
5GH2191,PR0103,699362,30317575,125,67,J643P14A,EAR 99,"BOLT, MACHINE",6,6,YES,, $49.68 , $49.68 , YES , $298.08 ,YES,5/4/2026,4/13/2026,392,21, $6.26 , YES , $6.26 , $137.24 ,3/24/2026,4/23/2026,30,,,-11,YES
5GH2191,PR0103,699362,30317575,124,68,J712P026A,EAR 99,"BOLT,SHEAR",10,10,YES,, $50.92 , $50.92 , YES , $509.20 ,YES,5/4/2026,4/13/2026,392,21, $10.69 , YES , $10.69 , $137.24 ,3/24/2026,4/23/2026,30,,,-11,YES
5GH2191,PR0103,699362,30317575,137,69,J643P06A,EAR 99,"BOLT, MACHINE",139,139,YES,, $22.27 , $22.27 , YES ," $3,095.53 ",YES,5/4/2026,4/13/2026,392,21, $65.01 , YES , $65.01 , $137.24 ,3/24/2026,4/23/2026,30,,,-11,YES
5GH2191,PR0103,699362,30317575,132,70,J643P20A,EAR 99,"BOLT, MACHINE",25,25,YES,, $28.82 , $28.82 , YES , $720.50 ,YES,5/4/2026,4/13/2026,392,21, $15.13 , YES , $15.13 , $137.24 ,3/24/2026,4/23/2026,30,,,-11,YES
5GH2191,PR0103,699362,30317575,114,71,3031T90P01,EAR 99,"PIN,SHOULDER",2,2,YES,, $111.66 , $111.66 , YES , $223.32 ,YES,5/4/2026,4/13/2026,392,21, $4.69 , YES , $4.69 , $137.24 ,3/24/2026,4/23/2026,30,,,-11,YES
5GH2191,PR0103,700225,30317928,140,73,R1473P005,EAR 99,"SCREW,MACH FLH                       ",30,30,YES,, $19.71 , $19.71 , YES , $591.30 ,YES,5/4/2026,4/20/2026,399,14, $8.28 , YES , $8.28 , $137.24 ,3/27/2026,4/23/2026,27,,,-11,YES
5GH2191,PR0103,700225,30317928,144,74,R1471P003,EAR 99,"SCREW, MACHINE                    ",10,10,YES,, $18.62 , $18.62 , YES , $186.20 ,YES,5/4/2026,4/20/2026,399,14, $2.61 , YES , $2.61 , $137.24 ,3/27/2026,4/23/2026,27,,,-11,YES
I738513,PR0127,699455,30317468,7,116,5066T38G09,9A991.d,VALVE,2,6,NO,," $87,755.14 "," $87,755.14 ", YES ," $175,510.28 ",YES,5/28/2026,8/17/2026,518,-81, $-   , NO , $-   , $618.40 ,3/23/2026,5/9/2026,47,,,-19,YES
8FP4323,PR0103,708468,30322559,115,5,MS51830CA201L,EAR99,INSERT,15,15,YES,, $105.62 , $105.62 , YES ," $1,584.30 ",YES,6/5/2026,11/10/2025,238,207, $327.95 , YES , $327.95 , $46.92 ,5/6/2026,5/23/2026,17,,,-13,YES
8FP4323,PR0103,708524,30322561,151,11,J221P908,EAR99,"PACKING,PREFORM",60,60,YES,, $7.38 , $7.38 , YES , $442.80 ,YES,6/5/2026,11/10/2025,238,207, $91.66 , YES , $91.66 , $46.92 ,5/6/2026,5/23/2026,17,,,-13,YES
8FP4325,PR0103,708879,30322708,118,19,J228P041,9A991.d,O-RING,50,50,YES,, $77.98 , $77.98 , YES ," $3,899.00 ",YES,6/5/2026,12/1/2025,259,186, $725.21 , YES , $725.21 ," $1,074.13 ",5/8/2026,5/23/2026,15,,,-13,YES
8FP4323,PR0103,708445,30322558,72,24,4045T61G01,9A991.d,SCREEN,5,5,YES,, $829.65 , $829.65 , YES ," $4,148.25 ",YES,6/5/2026,12/15/2025,273,172, $713.50 , YES , $713.50 , $46.92 ,5/6/2026,5/23/2026,17,,,-13,YES
8FP4323,PR0103,708468,30322559,29,59,4046T76P01,9A991.d,"SENSOR,OIL  ",1,1,YES,," $8,083.20 "," $8,083.20 ", YES ," $8,083.20 ",YES,6/5/2026,3/2/2026,350,95, $767.90 , YES , $767.90 , $46.92 ,5/6/2026,5/23/2026,17,,,-13,YES
8FP4323,PR0103,708445,30322558,111,75,3032T44P02,EAR99,"BOLT, MACHINE(R6 03E)",30,30,YES,, $124.14 , $124.14 , YES ," $3,724.20 ",YES,6/5/2026,4/27/2026,406,39, $145.24 , YES , $145.24 , $46.92 ,5/6/2026,5/23/2026,17,,,-13,YES
8FP4323,PR0103,708445,30322558,135,77,R1473P006,EAR99,"SCREW,MACH FLH",45,45,YES,, $24.30 , $24.30 , YES ," $1,093.50 ",YES,6/5/2026,4/27/2026,406,39, $42.65 , YES , $42.65 , $46.92 ,5/6/2026,5/23/2026,17,,,-13,YES
8FP4323,PR0103,708445,30322558,98,79,4068T00G01,9A991.d,"BKT,TUBE C SUMP",2,2,YES,, $312.08 , $312.08 , YES , $624.16 ,YES,6/5/2026,5/4/2026,413,32, $19.97 , YES , $19.97 , $46.92 ,5/6/2026,5/23/2026,17,,,-13,YES
8FP4323,PR0103,708445,30322558,105,81,4082T51G01,9A991.d,"LOWER BRKT,SUMP",2,2,YES,, $192.05 , $192.05 , YES , $384.10 ,YES,6/5/2026,5/4/2026,413,32, $12.29 , YES , $12.29 , $46.92 ,5/6/2026,5/23/2026,17,,,-13,YES
8FP4323,PR0103,708468,30322559,51,82,6058T12G01,9A991.d,BRACKET ASSY      ,1,1,YES,," $3,497.80 "," $3,497.80 ", YES ," $3,497.80 ",YES,6/5/2026,5/4/2026,413,32, $111.93 , YES , $111.93 , $46.92 ,5/6/2026,5/23/2026,17,,,-13,YES
8FP4323,PR0103,708523,30322560,147,83,J221P904,EAR99,"PACKING,PREFORM",60,60,YES,, $12.47 , $12.47 , YES , $748.20 ,YES,6/5/2026,5/4/2026,413,32, $23.94 , YES , $23.94 , $46.92 ,5/6/2026,5/23/2026,17,,,-13,YES
8FP4323,PR0103,708468,30322559,94,85,4046T89G03,EAR99,"SUPPORT,CLIP    ",10,10,YES,, $386.78 , $386.78 , YES ," $3,867.80 ",YES,6/5/2026,5/4/2026,413,32, $123.77 , YES , $123.77 , $46.92 ,5/6/2026,5/23/2026,17,,,-13,YES
8FP4323,PR0103,708468,30322559,82,86,5051T21G03,9A991.d,"SUPPORT,CLIP",10,10,YES,, $557.86 , $557.86 , YES ," $5,578.60 ",YES,6/5/2026,5/4/2026,413,32, $178.52 , YES , $178.52 , $46.92 ,5/6/2026,5/23/2026,17,,,-13,YES
8FP4323,PR0103,708445,30322558,103,87,MS51830CA204L,EAR99,INSERT,10,10,YES,, $200.27 , $200.27 , YES ," $2,002.70 ",YES,6/5/2026,5/11/2026,420,25, $50.07 , YES , $50.07 , $46.92 ,5/6/2026,5/23/2026,17,,,-13,YES
8FP4323,PR0103,708468,30322559,126,90,4042T93P01,EAR99,"NUT, REDUCED",30,30,YES,, $46.03 , $46.03 , YES ," $1,380.90 ",YES,6/5/2026,5/18/2026,427,18, $24.86 , YES , $24.86 , $46.92 ,5/6/2026,5/23/2026,17,,,-13,YES
8FP4323,PR0103,708468,30322559,97,92,4053T36G02,EAR99,"SUPPORT,ELEC CA",2,2,YES,, $330.24 , $330.24 , YES , $660.48 ,YES,6/5/2026,5/18/2026,427,18, $11.89 , YES , $11.89 , $46.92 ,5/6/2026,5/23/2026,17,,,-13,YES
J310815,PR0127,713748,30325838,66,99,4052T82G01,9A991.d,"TUBE,OIL SUPPLY,RH",2,2,YES,NO," $1,809.49 "," $1,809.49 ", YES ," $3,618.98 ",YES,7/27/2026,6/22/2026,462,24, $86.86 , YES , $86.86 , $85.00 ,6/10/2026,7/6/2026,26,7/17/2026,11,-21,
8FP4344,NH0819,714119,30325699,134,101,J712P019A,EAR99,"BOLT,SHEAR",10,10,YES,NO, $26.96 , $26.96 , YES , $269.60 ,YES,7/27/2026,7/6/2026,476,6, $1.62 , YES , $1.62 , $351.96 ,6/9/2026,6/29/2026,20,7/14/2026,15,-28,
8FP4353,NH0819,714960,30326216,26,102,5034T70P01,9A991.d,"SEAL, FLANGED",20,20,YES,NO," $10,302.08 "," $10,302.08 ", YES ," $206,041.60 ",YES,7/27/2026,7/6/2026,476,6," $1,236.25 ", YES ," $1,236.25 ", $691.85 ,6/16/2026,6/29/2026,13,7/14/2026,15,-28,
8FP4344,NH0819,713802,30325698,139,105,J643P04A,EAR99,"BOLT, MACHINE",31,31,YES,NO, $22.11 , $22.11 , YES , $685.41 ,YES,7/27/2026,7/13/2026,483,-2, $-   , NO , $-   , $351.96 ,6/9/2026,6/29/2026,20,7/15/2026,16,-28,
8FP4344,NH0819,713802,30325698,150,106,J643P11A,EAR99,"BOLT, MACHINE",154,154,YES,NO, $7.51 , $7.51 , YES ," $1,156.54 ",YES,7/27/2026,7/13/2026,483,-2, $-   , NO , $-   , $351.96 ,6/9/2026,6/29/2026,20,7/15/2026,16,-28,
J310815,PR0127,713750,30325839,13,107,6043T28P05,9A991.d,"STATOR,ALTNTR",2,2,YES,YES," $48,427.38 "," $48,427.38 ", YES ," $96,854.76 ",YES,7/27/2026,7/13/2026,483,3, $290.56 , YES , $290.56 , $85.00 ,6/10/2026,7/6/2026,26,7/17/2026,11,-21,
J310815,PR0127,714137,30325840,12,109,3036T53G08,9A991.d,HARNESS ASSY,2,2,YES,NO," $51,001.76 "," $51,001.76 ", YES ," $102,003.52 ",YES,7/27/2026,7/27/2026,497,-2, $-   , NO , $-   , $85.00 ,6/10/2026,7/13/2026,33,7/15/2026,2,-14,
J310815,PR0127,714473,30325841,9,121,4068T45G02,9A991.d,"EXCITER,ASSY",4,4,YES,YES," $65,195.78 "," $65,195.78 ", YES ," $260,783.12 ",YES,7/27/2026,8/31/2026,532,-37, $-   , NO , $-   , $85.00 ,6/10/2026,7/13/2026,33,7/15/2026,2,-14,
J310815,PR0127,713750,30325839,43,123,5044T67P07,9A991.d,IGNITER,50,50,YES,NO," $4,428.22 "," $4,428.22 ", YES ," $221,411.00 ",YES,7/27/2026,9/14/2026,546,-51, $-   , NO , $-   , $85.00 ,6/10/2026,7/13/2026,33,7/15/2026,2,-14,
8FP4381,NH0819,719300,30328981,143,108,J643P08A,EAR99,"BOLT, MACHINE",10,10,YES,NO, $18.83 , $18.83 , YES , $188.30 ,YES,8/13/2026,7/27/2026,497,6, $1.13 , YES , $1.13 , $658.50 ,7/13/2026,7/27/2026,14,8/7/2026,11,-17,
